source,title,description,url,image_url,published_at,content,full_text,author,source_name
newsapi,​Google crea una inteligencia artificial que habla como los delfines,"Google, hace unos meses, dio un paso histórico en la investigación de la comunicación animal con el anuncio de DolphinGemma, un modelo de inteligencia artificial diseñado para analizar y reproducir los complejos patrones sonoros de los delfines. El proyecto a…",https://www.mundodeportivo.com/tressesenta/20260117/1002602966/google-crea-inteligencia-artificial-habla-delfines-abre-puerta-entender-primera-vez-lenguaje-animales-mas-inteligentes-planeta-smd.html,https://www.mundodeportivo.com/files/og_thumbnail/files/fp/uploads/2026/01/17/696b47c6acf6e.r_d.1483-1074-4000.jpeg,2026-01-17T08:33:00Z,"Google, hace unos meses, dio un paso histórico en la investigación de la comunicación animal con el anuncio de DolphinGemma, un modelo de inteligencia artificial diseñado para analizar y reproducir l… [+2594 chars]","Redacción 360 Google, hace unos meses, dio un paso histórico en la investigación de la comunicación animal con el anuncio deDolphinGemma, un modelo deinteligencia artificial diseñado para analizar y reproducir los complejos patrones sonoros de los delfines. El proyecto abre la puerta a comprender mejor cómo se comunican estos mamíferos marinos y plantea, por primera vez con bases científicas sólidas, la posibilidad de establecer algún tipo de diálogo con una de las especies más inteligentes del planeta. La iniciativa se apoya endécadas de trabajo del Wild Dolphin Project (WDP), una organización científica que desde 1985 estudia de forma continuada una comunidad de delfines manchados del Atlántico en aguas de las Bahamas. Durante casi cuarenta años, los investigadores han recopilado grabaciones submarinas, imágenes de vídeo y datos de comportamiento que documentansilbidos, chasquidos y patrones acústicos asociados a acciones concretas, relaciones sociales o estados emocionales. Ese archivo único de información ha sido clave para entrenar DolphinGemma.Google trabaja junto a científicos del Georgia Institute of Technologypara aplicar técnicas avanzadas de aprendizaje automático capaces de detectar regularidades en sonidos que, para el oído humano, resultan prácticamente indistinguibles. El sistema no solo clasifica y agrupa vocalizaciones, sino que también es capaz degenerar secuencias acústicas que imitan la estructura de la comunicación natural de los delfines. Según explican los responsables del proyecto,el objetivo no es ""hablar"" con los delfines de forma inmediata, sino crear un marco que permita interpretar el significado de determinados sonidos dentro de su contexto. De este modo,la inteligencia artificial podría ayudar a identificar llamadas de alerta, señales de juego o interacciones madre-críacon una precisión inédita hasta ahora. El anuncio despertó un enorme interés en la comunidad científica y tecnológica, pero tambiénha reavivado el debate ético sobre los límites de la interacción humano-animal. Comprender mejor a los delfines podría mejorar su protección y conservación, aunque algunos expertos recuerdan la necesidad de evitar interferencias que alteren su comportamiento natural. Con DolphinGemma, la tecnología se adentra en un territorio fascinante: el detraducir lenguajes no humanos. Aún quedan muchos años de investigación por delante, peroel proyecto marca un antes y un después en la forma en que la inteligencia artificial puede ampliar nuestro conocimiento del mundo natural. Para la ciencia, este avance confirma que los datos, combinados con paciencia y respeto, pueden acercarnos a entender inteligencias distintas sin dominarlas jamás de verdad hoy.",Redacción 360,Mundodeportivo.com
newsapi,Así se cuece el asalto al WorldTour: los secretos de Tudor,MARCA logra acceso total a la concentración clave del equipo suizo en Teulada  Leer,https://www.marca.com/ciclismo/2026/01/17/asi-cuece-asalto-worldtour-secretos-tudor.html,https://objetos-xlk.estaticos-marca.com/files/article_main_microformat//uploads/2026/01/15/6968d4dc38fa3.jpeg,2026-01-17T08:31:54Z,"Es enero, son las nueve de la mañana y las carreteras del interior de Alicante se preparan para otro día de ciclismo al máximo nivel. Teulada, Calpe, Benidorm, Parcent, Tárbena, Castell de Castells t… [+5322 chars]","MARCA logra acceso total a la concentración clave del equipo suizo en Teulada Es enero, son las nueve de la mañana y las carreteras del interior deAlicantese preparan para otro día de ciclismo al máximo nivel.Teulada, Calpe, Benidorm, Parcent, Tárbena, Castell de Castells…todas las poblaciones se convierten en un cuartel general en el que los mejores equipos ciclistas del mundo cocinan su asalto a una nueva y exigente temporada que comienza a desperezarse. Ciclistas que buscansol y temperaturas óptimas; y los días se convierten en exigentes tests físicos y de material, desniveles y potenciómetros ardiendo para comenzar a construir un estado de forma que les permita competir con máximas garantías hasta finales de octubre cuando las hojas vuelvan a caer y llegue la hora de las notas tras una campaña extenuante. Tudor Pro Cycling Teamquiere echar la puerta abajo en elWorldTour. MARCA es el único medio español invitado a su jornada de convivencia en la que vamos a sumergirnos en la experiencia más plena del ciclismo de máximo nivel. El cuartel general es en la tranquila y bellaTeulada. La leyenda Fabian Cancellaracomanda las operaciones y va a dotar a sus chicos del mejor entorno y la última tecnología. El equipo lo componen más decien personasque se han desplazado al completo durante15 díaspara exprimir la que debería ser la última convivencia de todo el equipo al completo (a mitad del stage seis ciclistas volaron a Australia para disputar elTour Down Under). Tudor ha reservado un hotel solo para ellos para fortalecer el vínculo entre los miembros del equipo y mantener unas condiciones sanitarias perfectas para los días de máximo esfuerzo. Por ahí andan los líderes del equipo comoJulian Alaphilippe, Michael Storer o Marc Hirschique ayudan en todo a recientes fichajes comoStefan Kung, Will Barta o Lucca Mozzatoque han aterrizado en un momento clave para el equipo. La mejor tecnología está al alcance deTudor. En todos los detalles. Todos los miembros del equipo lucen en sus muñecas elTudor Pelagos FDX Chrono Cycling Editionen lo que se ha convertido en una de las señas de identidad de la estructura. Un reloj que nos dejaron probar a los invitados y cuya ligereza extrema gracias al carbono en el que ha sido construido impresiona incluso cuando montas en bici. Tudor nos muestra su arma Tudor:la BMC Teammachine R01.El equipo montará grupoSram Red y ruedas DT Swisspara la temporada 2026. Muchos millones de euros cuelgan en el camión del equipo que en carrera se convierte en poco menos que un laboratorio. Cuentan con un sistema de reglajes para realizar estudios biomecánicos in situ, además, de todos los medios para atender las necesidades mecánicas de los ciclistas en carrera al segundo. Tudorha inaugurado esta temporada su cuartel general enGinebra. Desde el equipo nos confiesa que está cerca del deBMCpor lo que ante cualquier imprevisto en menos de una hora tienen a ingenieros en sus instalaciones para subsanar cualquier contingencia. Las concentraciones como esta sirven para afinar con la comida. Es un aspecto clave en el ciclismo actual. Cenamos con los ciclistas bajo los menús delchefdel equipo que durante elstagemanda en la cocina del hotel. Labásculapara pesar los platos descansa junto a las ensaladas y la corporal recibe la entrada del comedor.",M.Á. RODRÍGUEZ,Marca
newsapi,"Mientras la mayoría de los móviles se han olvidado de ellos, hay fabricantes que todavía creen necesitamos infrarrojos. Tienen toda la razón","Hubo un tiempo en el que los infrarrojos eran una de las características más habituales de los teléfonos. Pero entonces llegaron otras tecnologías inalámbricas, como el Bluetooth o el NFC, y poco a poco fueron cayendo en el olvido. Hay fabricantes que todavía…",https://www.xatakamovil.com/conectividad/mayoria-moviles-se-han-olvidado-ellos-hay-fabricantes-que-todavia-creen-necesitamos-infrarrojos-tienen-toda-razon,https://i.blogs.es/f9d321/xiaomi-infrarrojos/840_560.jpeg,2026-01-17T08:31:27Z,"Hubo un tiempo en el que los infrarrojos eran una de las características más habituales de los teléfonos. Pero entonces llegaron otras tecnologías inalámbricas, como el Bluetooth o el NFC, y poco a p… [+2381 chars]","Noelia Hontoria Noelia Hontoria Hubo un tiempoen el que los infrarrojoseran una de las características más habituales de los teléfonos. Pero entonces llegaron otras tecnologías inalámbricas, como el Bluetooth o el NFC, y poco a poco fueron cayendo en el olvido. Hay fabricantesque todavía confían en los IR. Y no podemos hacer otra cosa que agradecérselo. Xiaomi, Oppo y Honor son unos de ellos. Más útil de lo que pensamos.Explicado de un modo bastante simple, podemos decir que los infrarrojos son una tecnología que permite la conexión entre dos dispositivos mediante un luz invisible para el ojo humano.Para funcionar, necesita un emisor y un receptor. Aunque su uso más conocido es el defuncionar a modo de mando a distancia, puede tenerotras aplicaciones en el día a día, por ejemplo, para mejorar el reconocimiento facial o incorporar un sensor de proximidad para apagar la pantalla cuando nos acercamos el móvil a la cara y evitar así toques accidentales. Y aunque esto también lo pueden hacer las cámaras, la gran ventaja de los infrarrojos es que funcionan de manera impecable incluso en la oscuridad. Todavía presente.Aunque los móviles han ido desplazando esta tecnología en pro de otras opciones inalámbricas mucho más cómodas, como el Bluetooth o el Wi-Fi, los infrarrojos siguen presentes en bastantes dispositivos que nos rodean y que tenemos actualmente en casa, como televisores, barras de sonido o aparatos de aire acondicionado. A día de hoy, todavía hay fabricantes que se resisten a dejarlo morir. Algunos de los modelos más actuales que lo incluyen son, por ejemplo, elXiaomi 15 Ultra, elHonor Magic8 Pro, elRedmi Note 15 Pro+ 5G, elOnePlus 15o elOppo Find X9 Pro, entre otros. Otros grandes olvidados.Los puertos infrarrojos no han sido los únicos elementos que han ido poco a poco desapareciendo de los smartphones.El jack 3.5 mm, que tan útil nos resultódurante el apagón de 2025, ya apenas asoma la patitaen telefónos de fabricantes como Sony. Por otro lado, los puertos de carga también han evolucionado y aquellos Micro USB o lightning han pasado al baúl de los recuerdos aunque esta vez no ha sido por capricho de las marcas ni siquiera por petición de los usuarios. La imposición viene de mucho más arriba, concretamente de la Unión Europea,que ha hecho universal el puerto USB-C. En Xataka Móvil |El Bluetooth es una vía demasiado fácil para los ciberataques. Esto es lo que recomiendan los expertos para proteger el móvil",Noelia Hontoria,Xatakamovil.com
newsapi,"Europa obsesionada con los chinos y llega este todoterreno barato, Made in USA, para cambiarlo todo","China quiere conquistar Europa. En noviembre de 2025 las marcas de coches chinas alcanzaron un 7,4% de cuota, el doble que el año anterior, lideradas por dos marcas, BYD y MG. Y todo apunta a que uno de los segmentos en los que China podría tener mucho que de…",https://www.diariomotor.com/noticia/europa-rivian-todoterreno-cambiarlo-todo/,https://www.diariomotor.com/imagenes/2024/03/rivian-r3-2026-11.jpg?class=XL,2026-01-17T08:30:18Z,"China quiere conquistar Europa. En noviembre de 2025 las marcas de coches chinas alcanzaron un 7,4% de cuota, el doble que el año anterior, lideradas por dos marcas, BYD y MG. Y todo apunta a que uno… [+4901 chars]","China quiere conquistar Europa. En noviembre de 2025 las marcas de coches chinas alcanzaron un 7,4% de cuota, el doble que el año anterior, lideradas por dos marcas, BYD y MG. Y todo apunta a que uno de los segmentos en los que China podría tener mucho que decir, y poner contra las cuerdas a las marcas europeas, es el de los todoterreno.  Lo que era más difícil imaginar es queuno de los proyectos todoterreno más interesantes no llegue de China. Desde Normal, Illinois, una marca se ha propuesto cambiar las reglas del juego. Si me preguntan, diría que es uno de los proyectos más prometedores en estos momentos y su producto estrella es el que ilustra esta entrada. Un todoterreno barato con reminiscencias y detalles, nada casuales, que nos recuerdan a un Golf Mk1, o incluso un Lada Niva.  La gran jugada deRivian.No albergo la menor duda de que estamos ante uno de los proyectos más prometedores, tanto o más que el que propuso Tesla en su día con el objetivo de transformar la industria del automóvil, pero con el foco puesto un concepto del automóvil todoterreno y, por qué no decirlo, aventurero.  Rivian se propuso, como hiciera en su día Tesla, transformar esta industria del automóvil. Para ello abordó un proyecto que comenzó con un vehículo eléctrico, y que lejos de ser un mero SUV es un verdadero todoterreno, un R1 que se presenta también con una segunda carrocería de tipo pick-up. La sorpresa más grande ha sido ver a Volkswagen entrar en escena como socio.El Grupo Volkswagen comprometió una inversiónde 5.800 millones de dólares hasta 2027 y dio forma a una empresa conjunta al 50%, una alianza que no solo aporta capital, sino también una estrecha colaboración que permitirá a Volkswagen utilizar la tecnología Rivian en sus coches, en Estados Unidos y Europa. ",David Villarreal,Diariomotor.com
newsapi,Liliana García Sánchez*: La sofisticación de lo Rupestre,"Entre las décadas de los 70 y principios de los 80, el rock mexicano reflejaba las transformaciones sociales, políticas y culturales, particularmente de la ciudad capital. Los espacios de expresión cultural, casi en su totalidad, estaban siendo institucionali…",https://www.jornada.com.mx/2026/01/17/politica/013a1pol,https://www.jornada.com.mx/imagemeta/1200x630BN.jpg,2026-01-17T08:04:09Z,"ntre las décadas de los 70 y principios de los 80, el rock mexicano reflejaba las transformaciones sociales, políticas y culturales, particularmente de la ciudad capital. Los espacios de expresión cu… [+4378 chars]","ntre las décadas de los 70 y principios de los 80, el rock mexicano reflejaba las transformaciones sociales, políticas y culturales, particularmente de la ciudad capital. Los espacios de expresión cultural, casi en su totalidad, estaban siendo institucionalizados ocooptadospor el partido político en el poder. Había que inventarse los espacios. El mundo de la llamada Nueva Canción, emanada de los movimientos musicales del folclor y la protesta, fue en muchos casos donde se formaron losrupestres, quienes se distinguieron por criticar las condiciones sociales que enfrentaban los jóvenes, con un lenguaje distinto, en muchos sentidos, influidos por la protesta radical y militante de figuras como Judith Reyes, José de Molina, Enrique Ballesté o León Chávez Teixeiro. Tras el cierre de espacios para el rock, las peñas folclóricas fungieron como espacios propicios para los proyectos culturales de una “izquierda musical” en transformación. Cuando el canto nuevo se vuelve más comercial y la protesta sufre una profunda desbandada, muchos de los “cantonoveros”, focloristas y protestosos, tomarán la carretera del rock, el blues, el jazz y la fusión, resultando las peñas como semilleros no sólo de los futuros exponentes de la trova, sino también de un rock mexicano particular, y el movimientoRupestre, entre otras propuestas musicales de honesta originalidad, tomando postura frente a la etiqueta mercadológica llamada “rock en tu idioma”. De ahí la importancia de Rockdrigo y su insistencia en explicar la sofisticación de la guitarrita de palo; música en construcción que experimenta con ritmos populares e instrumentos tradicionales; blues, son, huapango, conservando una temática que apele a la realidad social; un rock desde el lenguaje y las experiencias cotidianas de la juventud urbana mexicana. En una entrevista con Antonio Malacara, Rokdrigo expresó: “Yo pienso que aunque haya mucha gente que escriba canciones de que todo está bien bonito y de que no hay bronca con nada, la cuestión está tosca, loca. Está más dura que en el tiempo de loshippies, cuando muchos adquirimos conciencia de que todo el sistema que te imponen es una mentira. La mayor parte de las rolas comerciales que se escriben son puras mentiras. Se le engaña a la gente, no se le dice la verdad, se le están vendiendo paraísos artificiales”. ElManifiesto Rupestrerechaza el virtuosismo, la tecnología y la academia musical; lo cual no impidió propuestas de gran calidad: Rockdrigo, Jaime López, Roberto González, Carlos Arellano, Paco Barrios, Rafael Catana, Emilia Almazán, Nina Galindo o Armando Rosas, entre muchos otros. Para Rockdrigo, el nombre aglutina una serie de actitudes: “No la hacen mucho de tos con tanto chango y faramalla, como acostumbran los no rupestres, pero tienen tanto que proponer con sus guitarras de palo y sus voces acabadas de salir del ron; son poetas y locochones; rocanroleros y trovadores.” Los roqueros que se arriesgaban a este lenguaje más crudo y cotidiano, sin renunciar a la intención poética, se enfrentaron al cierre de espacios, redadas y pretextos para evitar conciertos, por eso la importancia de foros como el Tianguis cultural del Chopo, el Foro Tlalpan, el Foro Isabelino, el legendario Rockotitlán; librerías como Gandhi, El Ágora o Eureka; El hijo del Cuervo, la Rockola; lugares que, en términos de Rafael Catana, representaron la ruptura con las peñas, las cuales se volvieron más para la clase media alta, donde se podía escuchar jazz, heavy o techno, más fácilmente que a unrupestre. Jaime López opina que en los 80 el rock se volvió folclor al retomar elementos de la cultura popular. Un profundo giro que regresa a la guitarra y la voz, en la búsqueda y construcción de, señala Tere Estrada, “verdaderas historias del albur y juegos de palabras, giros citadinos y de la frontera norte para integrarse a una realidad ‘chilanga’: cruda y cruel, apasionada e indiferente.” De ahí su particular significación, de ahí también su sofisticación Estos músicos desafiaban la tecnología y las industrias culturales; reivindicaban talento e ingenio cuando no se contaba con el dinero necesario para acceder a esas tecnologías. Lo central era la subversión que para elrupestresignificaban una guitarra y una voz, ante la sofisticación que suponía la tecnología. Voces que cantan en nombre de los jóvenes que sólo vieron pasar la prometida modernización y participaron de una nación que no fue. Cabalgo sobre sueños innecesarios y rotosprisionero iluso de esta selva cotidiana,y como hoja seca que vaga en el viento *Autora de Cantar de fuego",Liliana García Sánchez*,Jornada.com.mx
newsapi,Raúl García Sánchez*: Venezuela y la necropolítica del chisme,"Sin alfabetización, afirmó Lenin, quedamos excluidos de la política y somos pasto de “rumores, chismes, cuentos de hadas y prejuicios”.",https://www.jornada.com.mx/2026/01/17/opinion/013a2pol,https://www.jornada.com.mx/imagemeta/1200x630BN.jpg,2026-01-17T08:04:09Z,"in alfabetización, afirmó Lenin, quedamos excluidos de la política y somos pasto de rumores, chismes, cuentos de hadas y prejuicios.
Han pasado más de 10 días del ataque del imperialismo norteameric… [+4886 chars]","in alfabetización,afirmó Lenin, quedamos excluidos de la política y somos pasto de “rumores, chismes, cuentos de hadas y prejuicios”. Han pasado más de 10 días del ataque del imperialismo norteamericano contra Venezuela y la bruma va despejándose, dejando atisbar algunas luces entre tanto desecho. Al ruido de las bombas que despertó Caracas durante la medianoche, le sucedió el ruido de las especulaciones, las tramas y los rumores. La sangre del crimen dio paso al horror de las pantallas. El horror a la intriga. La guerra cognitiva encontró en el impacto y sus secuelas su momento más álgido. Amanecimos con las imágenes de los helicópteros rasantes y su fuego reventando sobre la oscuridad de Caracas y, desde entonces, todo fue espesura. Una vorágine de informaciones confusas donde el ruido se mezcla con la realidad y no se distingue lo verdadero de lo impostado. Los vacíos del acontecimiento generan ansiedad por saber y esa urgencia engendra sus monstruos. En esos momentos de desazón las horas son siglos y la necesidad de dar respuesta a los vacíos se satura de hipótesis que vuelan por las redes sin espacio-tiempo para la criba. Algunas, esparcidas por los dueños de las bombas y el espanto, otras, por nosotros mismos. Estados Unidos golpeó y se replegó con dos buenas presas, pero sin control ni presencia en el territorio. Controlar un país requiere algo más. El ataque amputa la jefatura de Estado y de gobierno, pero no tiene capacidad para remplazarla. Eso deja a Corina Machado fuera de juego y Trump se lanza un órdago. Su mujer en Caracas ahora es Delcy Rodríguez. ¿Cómo interpretar la jugada? Unos como prueba de sus conjeturas, otros como argucia inteligente, muchos como locura megalómana. Su arenga no fue tan loca porque activó, como pretendía, los aires de la duda. El espontaneísmo de las redes y la interacción virtual harían el resto. No todo es desorden espontáneo en la producción del caos. La tendencia seudonatural al chisme como búsqueda de respuestas se apuntala con una maquinaria sistemática nacida de las cloacas del capital. Los medios internacionales alimentan, pese a sus contradicciones, el relato Trump. Dentro de lo previsible. ¿Y qué hay de la izquierda? Lo sucedido estos días demuestra que no estamos ajenos a la lógica del rumor. El dolor que produjo el ataque en quienes vemos en Venezuela una luz para otra vida posible, favorece lo que los venezolanos llaman cuentos de camino. Hay otros motivos; no escarbaremos en ellos. Apologetas de la verdad, elucubramos nuestra versión de lo ocurrido. Los vacíos se van llenando. Traición. Infiltración. CIA. Transición en marcha. Entrega. El principal vacío que debió preocuparnos es el que dejó el secuestro del presidente, que se resolvió como bien sabía Trump: por el cauce constitucional. Tres elementos claves para preservar el proceso. Uno, la continuidad del ejecutivo mediante la unidad de la dirección política. Dos, la lealtad y unidad de las fuerzas armadas. Tres, la movilización popular. Los tres resisten el embate. El pueblo chavista inunda días tras días las calles de Caracas y otras ciudades y la solidaridad internacional hace su parte en las avenidas del planeta. Se va encontrando la calma y la reflexión sosegada. Teorías, hipótesis y rumores siguen, sin embargo, saturando redes y caminos. A la vieja fábrica de narrativas para la dominación la respalda el avance de la tecnología digital. El algoritmo premia lo grotesco, pero no se mueve al azar. Su diseño tiene rostro de clase. También lo decía Lenin hace más de un siglo: “el progreso de la técnica y la ciencia significa en la sociedad capitalista el progreso en el arte de la máxima explotación”. La era digital multiplica los dispositivos de expropiación del pensamiento crítico. El objetivo, evitar la propagación de “una concepción integral del mundo”. La necropolítica necesita de confusión y paranoia para su afán de acumulación por despojo. Sus intereses modelan nuestros sentidos. La fragmentación de las conciencias produce, también en nuestro campo, respuestas difusas, tibias, conspiranoicas que acaban sumando a la otra orilla.",Raúl García Sánchez*,Jornada.com.mx
newsapi,Ingresos por petróleo optimizarán el mercado cambiario: Delcy Rodríguez,"Caracas. La presidenta encargada de Venezuela, Delcy Rodríguez, anunció este viernes que los ingresos que tenga el país por la venta de petróleo irán al sistema financiero por la vía del banco central y deben servir para optimizar el mercado cambiario y recup…",https://www.jornada.com.mx/2026/01/17/mundo/017n1mun,https://www.jornada.com.mx/2026/01/17/fotos/017n1mun-1.jpg,2026-01-17T08:04:09Z,"Periódico La JornadaSábado 17 de enero de 2026, p. 17
Caracas. La presidenta encargada de Venezuela, Delcy Rodríguez, anunció este viernes que los ingresos que tenga el país por la venta de petróleo… [+2697 chars]","La presidenta venezolana llama a usar los dólares en materia prima y bienes de capital Caracas. La presidenta encargada de Venezuela, Delcy Rodríguez, anunció este viernes que los ingresos que tenga el país por la venta de petróleo irán al sistema financiero por la vía del banco central y deben servir para optimizar el mercado cambiario y recuperar el crédito. Advirtió, no obstante, que se debe hacer un uso eficiente de las divisas y no cometer “errores del pasado”. Durante una reunión con el Consejo Nacional de Economía Productiva, que agrupa a actores públicos y privados de todos los sectores económicos, Rodríguez detalló que los dólares deben ser utilizados exclusivamente para los sectores estratégicos, como materia prima y bienes de capital. “Los ingresos que ya se están generando por la venta de volúmenes de petróleo llegarán a través del Banco Central de Venezuela a la banca privada, facilitando el mecanismo del mercado cambiario. Esto es importante, pero es necesario que tengamos claro que se requiere un manejo eficiente de las divisas. Debe darse una sustitución estratégica de las importaciones”, aseveró. La mandataria hizo énfasis en que el nuevo flujo de divisas no debe convertirse en “el gran distorsionador de la economía productiva venezolana”. Por el contrario, debe ser “el impulsor de las amplias capacidades que tiene nuestro país”. Rodríguez informó, además, que se suscribió el primer contrato de la historia de Venezuela para la exportación de gas licuado de petróleo. “Lo hemos logrado con sacrificio propio, porque ese gas que se exporta fue producido por nuestra industria, PDVSA (Petróleos de Venezuela)”, aseguró. Murieron 47 militares, incluidas nueve mujeres Más temprano, el ministro de la Defensa, Vladimir Padrino López, informó que durante la agresión militar estadunidense del 3 de enero murieron 47 militares venezolanos, entre ellos nueve mujeres. Detalló que el total de fallecidos confirmados es de 83, incluidos los 32 militares cubanos que integraban la seguridad del presidente Nicolás Maduro y varios civiles. El ministro cifró en 112 la cantidad de heridos. Ante los familiares, dijo: “Hoy estamos haciendo un acto de fe y sabiduría, porque nuestros hombres y mujeres de la Fuerza Armada Nacional Bolivariana (FANB), ante la avasallante tecnología y abrumadora cantidad de medios, desigual, contra Venezuela, dieron hasta su vida”.","DEMOS, Desarrollo de Medios, S.A. de C.V.",Jornada.com.mx
newsapi,SSPC trabaja con los estados para identificar focos rojos en el Mundial,"Ecatepec, Mex., De cara a la realización del Mundial de futbol a efectuarse en México en junio próximo, la Secretaría de Seguridad y Protección Ciudadana y el Centro Nacional de Inteligencia trabajan con autoridades de todas las entidades en la identificación…",https://www.jornada.com.mx/2026/01/17/deportes/a10n1dep,https://www.jornada.com.mx/2026/01/17/fotos/a10n1dep-1.jpg,2026-01-17T08:04:09Z,"Periódico La JornadaSábado 17 de enero de 2026, p. a10
Ecatepec, Mex., De cara a la realización del Mundial de futbol a efectuarse en México en junio próximo, la Secretaría de Seguridad y Protección… [+2095 chars]","Edomex utilizará IA durante el torneo EU y FIFA están al tanto de la estrategia: García Harfuch Ecatepec, Mex., De cara a la realización del Mundial de futbol a efectuarse en México en junio próximo, la Secretaría de Seguridad y Protección Ciudadana y el Centro Nacional de Inteligencia trabajan con autoridades de todas las entidades en la identificación de eventuales focos rojos y la definición de estrategias preventivas, informó el titular de la dependencia federal, Omar García Harfuch. Se está construyendo un “índice de focos rojos para ser atendidos en su momento”. Durante la conferencia presidencial efectuada en este municipio, García Harfuch informó además que tanto la Federación Internacional de Futbol Asociación (FIFA) como el gobierno de Estados Unidos están al tanto de la construcción de esta estrategia en la medida en que participan en las reuniones. Por su parte, el secretario de Seguridad Pública del estado de México, Cristóbal Castañeda, informó que en esa entidad ya se están afinando detalles para el uso de la tecnología con fines preventivos durante la celebración del Mundial a partir del uso de la Inteligencia Artificial (IA) que permitirá el uso de la identificación de rostros que podrán contrastarse de inmediato con la base de datos de la institución. Explicó que en el caso del estado de México se están priorizando el despliegue tecnológico en torno a los aeropuertos de Toluca y el Internacional Felipe Ángeles, cubriendo principalmente los accesos, así como en los sitios turísticos donde se espera el arribo de visitantes como el caso de Valle de Bravo y la zona arqueológica de Teotihuacán. “Es un esquema donde pueden tomar las fotos a través de un equipo celular y automáticamente realiza la búsqueda en todas las bases de datos por reconocimiento facial, y nos arroja los resultados de las personas. Si tienen un mandamiento judicial, inmediatamente se levanta un alertamiento para que procedamos y se genera la trazabilidad para llevar a cabo la puesta a disposición”, dijo Castañeda. Asimismo, en cuanto a la vigilancia de vehículos, no solamente es la lectura de placas, sino de las características, modelos, color del vehículo. Se realiza un análisis de estos datos y arroja los datos del propietario y, obviamente, los últimos cruces que haya tenido por alguna de las otras cámaras. ¿Quiénes somos?|Contacto|Publicidad|Aviso legal|Aviso de privacidad.|Código de Ética|Siguenos en: Periódicos:La Jornada Maya|La Jornada Morelos|La Jornada Estado de México|La Jornada Hidalgo","DEMOS, Desarrollo de Medios, S.A. de C.V.",Jornada.com.mx
newsapi,Liliana García Sánchez*: La sofisticación de lo Rupestre,"Entre las décadas de los 70 y principios de los 80, el rock mexicano reflejaba las transformaciones sociales, políticas y culturales, particularmente de la ciudad capital. Los espacios de expresión cultural, casi en su totalidad, estaban siendo institucionali…",https://www.jornada.com.mx/2026/01/17/opinion/013a1pol,https://www.jornada.com.mx/imagemeta/1200x630BN.jpg,2026-01-17T08:04:09Z,"ntre las décadas de los 70 y principios de los 80, el rock mexicano reflejaba las transformaciones sociales, políticas y culturales, particularmente de la ciudad capital. Los espacios de expresión cu… [+4378 chars]","ntre las décadas de los 70 y principios de los 80, el rock mexicano reflejaba las transformaciones sociales, políticas y culturales, particularmente de la ciudad capital. Los espacios de expresión cultural, casi en su totalidad, estaban siendo institucionalizados ocooptadospor el partido político en el poder. Había que inventarse los espacios. El mundo de la llamada Nueva Canción, emanada de los movimientos musicales del folclor y la protesta, fue en muchos casos donde se formaron losrupestres, quienes se distinguieron por criticar las condiciones sociales que enfrentaban los jóvenes, con un lenguaje distinto, en muchos sentidos, influidos por la protesta radical y militante de figuras como Judith Reyes, José de Molina, Enrique Ballesté o León Chávez Teixeiro. Tras el cierre de espacios para el rock, las peñas folclóricas fungieron como espacios propicios para los proyectos culturales de una “izquierda musical” en transformación. Cuando el canto nuevo se vuelve más comercial y la protesta sufre una profunda desbandada, muchos de los “cantonoveros”, focloristas y protestosos, tomarán la carretera del rock, el blues, el jazz y la fusión, resultando las peñas como semilleros no sólo de los futuros exponentes de la trova, sino también de un rock mexicano particular, y el movimientoRupestre, entre otras propuestas musicales de honesta originalidad, tomando postura frente a la etiqueta mercadológica llamada “rock en tu idioma”. De ahí la importancia de Rockdrigo y su insistencia en explicar la sofisticación de la guitarrita de palo; música en construcción que experimenta con ritmos populares e instrumentos tradicionales; blues, son, huapango, conservando una temática que apele a la realidad social; un rock desde el lenguaje y las experiencias cotidianas de la juventud urbana mexicana. En una entrevista con Antonio Malacara, Rokdrigo expresó: “Yo pienso que aunque haya mucha gente que escriba canciones de que todo está bien bonito y de que no hay bronca con nada, la cuestión está tosca, loca. Está más dura que en el tiempo de loshippies, cuando muchos adquirimos conciencia de que todo el sistema que te imponen es una mentira. La mayor parte de las rolas comerciales que se escriben son puras mentiras. Se le engaña a la gente, no se le dice la verdad, se le están vendiendo paraísos artificiales”. ElManifiesto Rupestrerechaza el virtuosismo, la tecnología y la academia musical; lo cual no impidió propuestas de gran calidad: Rockdrigo, Jaime López, Roberto González, Carlos Arellano, Paco Barrios, Rafael Catana, Emilia Almazán, Nina Galindo o Armando Rosas, entre muchos otros. Para Rockdrigo, el nombre aglutina una serie de actitudes: “No la hacen mucho de tos con tanto chango y faramalla, como acostumbran los no rupestres, pero tienen tanto que proponer con sus guitarras de palo y sus voces acabadas de salir del ron; son poetas y locochones; rocanroleros y trovadores.” Los roqueros que se arriesgaban a este lenguaje más crudo y cotidiano, sin renunciar a la intención poética, se enfrentaron al cierre de espacios, redadas y pretextos para evitar conciertos, por eso la importancia de foros como el Tianguis cultural del Chopo, el Foro Tlalpan, el Foro Isabelino, el legendario Rockotitlán; librerías como Gandhi, El Ágora o Eureka; El hijo del Cuervo, la Rockola; lugares que, en términos de Rafael Catana, representaron la ruptura con las peñas, las cuales se volvieron más para la clase media alta, donde se podía escuchar jazz, heavy o techno, más fácilmente que a unrupestre. Jaime López opina que en los 80 el rock se volvió folclor al retomar elementos de la cultura popular. Un profundo giro que regresa a la guitarra y la voz, en la búsqueda y construcción de, señala Tere Estrada, “verdaderas historias del albur y juegos de palabras, giros citadinos y de la frontera norte para integrarse a una realidad ‘chilanga’: cruda y cruel, apasionada e indiferente.” De ahí su particular significación, de ahí también su sofisticación Estos músicos desafiaban la tecnología y las industrias culturales; reivindicaban talento e ingenio cuando no se contaba con el dinero necesario para acceder a esas tecnologías. Lo central era la subversión que para elrupestresignificaban una guitarra y una voz, ante la sofisticación que suponía la tecnología. Voces que cantan en nombre de los jóvenes que sólo vieron pasar la prometida modernización y participaron de una nación que no fue. Cabalgo sobre sueños innecesarios y rotosprisionero iluso de esta selva cotidiana,y como hoja seca que vaga en el viento *Autora de Cantar de fuego",Liliana García Sánchez*,Jornada.com.mx
newsapi,Raúl García Sánchez*: Venezuela y la necropolítica del chisme,"Sin alfabetización, afirmó Lenin, quedamos excluidos de la política y somos pasto de “rumores, chismes, cuentos de hadas y prejuicios”.",https://www.jornada.com.mx/2026/01/17/politica/013a2pol,https://www.jornada.com.mx/imagemeta/1200x630BN.jpg,2026-01-17T08:04:09Z,"in alfabetización, afirmó Lenin, quedamos excluidos de la política y somos pasto de rumores, chismes, cuentos de hadas y prejuicios.
Han pasado más de 10 días del ataque del imperialismo norteameric… [+4886 chars]","in alfabetización,afirmó Lenin, quedamos excluidos de la política y somos pasto de “rumores, chismes, cuentos de hadas y prejuicios”. Han pasado más de 10 días del ataque del imperialismo norteamericano contra Venezuela y la bruma va despejándose, dejando atisbar algunas luces entre tanto desecho. Al ruido de las bombas que despertó Caracas durante la medianoche, le sucedió el ruido de las especulaciones, las tramas y los rumores. La sangre del crimen dio paso al horror de las pantallas. El horror a la intriga. La guerra cognitiva encontró en el impacto y sus secuelas su momento más álgido. Amanecimos con las imágenes de los helicópteros rasantes y su fuego reventando sobre la oscuridad de Caracas y, desde entonces, todo fue espesura. Una vorágine de informaciones confusas donde el ruido se mezcla con la realidad y no se distingue lo verdadero de lo impostado. Los vacíos del acontecimiento generan ansiedad por saber y esa urgencia engendra sus monstruos. En esos momentos de desazón las horas son siglos y la necesidad de dar respuesta a los vacíos se satura de hipótesis que vuelan por las redes sin espacio-tiempo para la criba. Algunas, esparcidas por los dueños de las bombas y el espanto, otras, por nosotros mismos. Estados Unidos golpeó y se replegó con dos buenas presas, pero sin control ni presencia en el territorio. Controlar un país requiere algo más. El ataque amputa la jefatura de Estado y de gobierno, pero no tiene capacidad para remplazarla. Eso deja a Corina Machado fuera de juego y Trump se lanza un órdago. Su mujer en Caracas ahora es Delcy Rodríguez. ¿Cómo interpretar la jugada? Unos como prueba de sus conjeturas, otros como argucia inteligente, muchos como locura megalómana. Su arenga no fue tan loca porque activó, como pretendía, los aires de la duda. El espontaneísmo de las redes y la interacción virtual harían el resto. No todo es desorden espontáneo en la producción del caos. La tendencia seudonatural al chisme como búsqueda de respuestas se apuntala con una maquinaria sistemática nacida de las cloacas del capital. Los medios internacionales alimentan, pese a sus contradicciones, el relato Trump. Dentro de lo previsible. ¿Y qué hay de la izquierda? Lo sucedido estos días demuestra que no estamos ajenos a la lógica del rumor. El dolor que produjo el ataque en quienes vemos en Venezuela una luz para otra vida posible, favorece lo que los venezolanos llaman cuentos de camino. Hay otros motivos; no escarbaremos en ellos. Apologetas de la verdad, elucubramos nuestra versión de lo ocurrido. Los vacíos se van llenando. Traición. Infiltración. CIA. Transición en marcha. Entrega. El principal vacío que debió preocuparnos es el que dejó el secuestro del presidente, que se resolvió como bien sabía Trump: por el cauce constitucional. Tres elementos claves para preservar el proceso. Uno, la continuidad del ejecutivo mediante la unidad de la dirección política. Dos, la lealtad y unidad de las fuerzas armadas. Tres, la movilización popular. Los tres resisten el embate. El pueblo chavista inunda días tras días las calles de Caracas y otras ciudades y la solidaridad internacional hace su parte en las avenidas del planeta. Se va encontrando la calma y la reflexión sosegada. Teorías, hipótesis y rumores siguen, sin embargo, saturando redes y caminos. A la vieja fábrica de narrativas para la dominación la respalda el avance de la tecnología digital. El algoritmo premia lo grotesco, pero no se mueve al azar. Su diseño tiene rostro de clase. También lo decía Lenin hace más de un siglo: “el progreso de la técnica y la ciencia significa en la sociedad capitalista el progreso en el arte de la máxima explotación”. La era digital multiplica los dispositivos de expropiación del pensamiento crítico. El objetivo, evitar la propagación de “una concepción integral del mundo”. La necropolítica necesita de confusión y paranoia para su afán de acumulación por despojo. Sus intereses modelan nuestros sentidos. La fragmentación de las conciencias produce, también en nuestro campo, respuestas difusas, tibias, conspiranoicas que acaban sumando a la otra orilla.",Raúl García Sánchez*,Jornada.com.mx
newsapi,Alerta la ONU por expansión de espacios digitales contra mujeres,"La reciente expansión de la machósfera en espacios digitales genera especial preocupación porque está aumentando la participación y movilización de hombres jóvenes y niños en plataformas virtuales, lo que coincide con un auge del conservadurismo en ese sector…",https://www.jornada.com.mx/2026/01/17/politica/010n2pol,https://www.jornada.com.mx/imagemeta/1200x630BN.jpg,2026-01-17T08:04:09Z,"Periódico La JornadaSábado 17 de enero de 2026, p. 10
La reciente expansión de la machósfera en espacios digitales genera especial preocupación porque está aumentando la participación y movilización… [+2671 chars]","Lamachósferaperpetúa y contribuye a la violencia hacia ellas La reciente expansión de lamachósferaen espacios digitales genera especial preocupación porque está aumentando la participación y movilización de hombres jóvenes y niños en plataformas virtuales, lo que coincide con un auge del conservadurismo en ese sector, alerta ONU Mujeres. También afirma que un estudio con distintas generaciones en 31 países evidenció que los hombres más jóvenes son más conservadores que los de generaciones anteriores y más propensos a pensar que promover la igualdad de las mujeres significa discriminar su género. Lamachósfera–conjunto de comunidades digitales en plataformas múltiples, como grupos de chat, foros de debate y blogs– amplifica estereotipos sexistas en formatos populares que pueden compartirse y cobran fuerza a gran escala con una rendición de cuentas limitada debido al anonimato de los autores. La ONU indica que en los últimos años ha habido un auge de espacios virtuales que alimentan la misoginia y perpetúan actitudes que normalizan y justifican la violencia contra las mujeres y las niñas. Añade que en ese ámbito los hombres se presentan como las víctimas del clima social mediante contenidos centrados en temas como representaciones denigrantes de mujeres, discurso despectivo sobre los movimientos femeninos, así como mitos perjudiciales sobre la igualdad de género y la violencia hacia mujeres y niñas. Los inceles De acuerdo con datos de un informe de Naciones Unidas sobre la violencia que facilita la tecnología hacia las mujeres y las niñas, además de lamachósfera,otra tendencia preocupante es una creciente movilización en espacios en línea de losinceles,grupo que se autoidentifica de célibes involuntarios, quienes promueven la convergencia de ideologías extremistas, como el racismo, la misoginia, el antifeminismo y la homofobia. Lo anterior, indica, perpetúa “una cultura del discurso que promueve la violación, exacerba las actitudes perjudiciales y normaliza la violencia contra las mujeres y las niñas, así como el abuso sexual de niños”. El organismo de la ONU indica que las repercusiones de estas recientes modalidades van más allá de los espacios en línea, pues contribuyen a la violencia de género, tanto en Internet como en el entorno físico, lo que incluye feminicidios. Un informe del secretario general de la ONU expone que la rápida evolución de la tecnología exige que haya marcos jurídicos, normativos y de rendición de cuentas sólidos, y aunque cada vez más países introducen leyes y estrategias para tipificar de delito, la violencia contra las mujeres y las niñas facilitada por la tecnología, “aún es un reto”.","DEMOS, Desarrollo de Medios, S.A. de C.V.",Jornada.com.mx
newsapi,"De vergüenza, xAI sigue sin arreglar Grok","Hay veces en que una empresa no comete un fallo: comete una negligencia. Y en ocasiones, esa negligencia no se mide solo por sus efectos técnicos, sino por el daño real que causa a personas concretas. Grok, el sistema de inteligencia artificial de xAI, es aho…",https://www.muycomputer.com/?p=392833,https://www.muycomputer.com/wp-content/uploads/2026/01/Grok-1-2-1000x600.jpg,2026-01-17T08:01:14Z,"Hay veces en que una empresa no comete un fallo: comete una negligencia. Y en ocasiones, esa negligencia no se mide solo por sus efectos técnicos, sino por el daño real que causa a personas concretas… [+4597 chars]","Hay veces en queuna empresa no comete un fallo: comete una negligencia.Y en ocasiones, esa negligencia no se mide solo por sus efectos técnicos, sino por el daño real que causa a personas concretas.Grok, el sistema de inteligencia artificial dexAI, es ahora mismo un ejemplo rotundo de cómo no debe desplegarse una tecnología. Capaz de generar imágenes sexualizadas de personas reales —incluso de menores— sin consentimiento, su comportamiento no ha sido contenido. Y lo que se esperaba como una respuesta contundente ha terminado siendo un espejismo: más restricciones cosméticas, más excusas, y un sistema que sigue funcionando casi igual… pero ahora bajo un modelo de pago. El problema no se ha solucionado. Se ha camuflado. Y la empresa responsable sigue mirando hacia otro lado. Yate contábamos hace unos díascómo Grokhabía sido utilizado para crear contenido explícito usando fotografías reales, cómo se habían generado imágenes con apariencia de menores y cómo la reacción de la compañía fue limitar la función de generación a cuentas verificadas. Lejos de solucionar el problema, aquella decisión fue denunciada comoun intento de monetizar el abuso: quienes pagaban podían seguir generando contenido, mientras que a los no suscriptores se les mostraba un mensaje invitándoles a pasar por caja. Lo que debería haberse traducido en una auditoría completa del modelo, en una desactivación urgente o en un rediseño con garantías, se transformó en un acceso restringido… pero funcional. Esta semana, Elon Musk y su equipo han anunciado nuevas restricciones para el uso de Grok en X:bloqueos geográficos, filtros para evitar la edición de imágenes con ropa interior o trajes de baño, y nuevas advertenciasal intentar manipular fotografías. Pero todo esto ha resultado serotra capa de maquillaje. La aplicación y la web externa de Grok siguen permitiendo crear imágenes de desnudos con una facilidad pasmosa. Investigadores de AI Forensics, así como periodistas de medios comoWIRED, han probado el sistema con resultados reveladores: subir una imagen, pedir que se «vista» o «desvista» a la persona, y obtener el resultado deseado, incluso en configuraciones gratuitas. Los bloqueos, cuando existen, son inconsistentes. Y en muchos casos, basta con introducir una fecha de nacimiento para obtener acceso completo. No se trata de suposiciones ni de exploits avanzados. Los investigadores han podido crear desnudos fotorealistas . El sistema permite modificar imágenes de personas reales, colocar ropa reveladora o eliminarla por completo,sin que existan mecanismos efectivos para detenerlo. No se trata de una IA que ha sido vulnerada, sino de una IA que nunca fue blindada. Las “medidas” adoptadas por X se aplican solo en algunos territorios, solo dentro de su propia red social, y ni siquiera de forma coherente. La imagen pública se ha intentado proteger, pero el núcleo del problema —un modelo generativo sin control— sigue intacto.  Mientras tanto, desde la empresa se continúa utilizando un lenguaje equívoco. Elon Musk ha llegado a decir que se permite generar “desnudez de torso” de humanos imaginarios si se consideraequivalente a lo que aparece en películas con clasificación R, y que la política cambia por región. Pero aquí no hablamos de ficción, ni de matices legales. Hablamos de una IA generando imágenes no consensuadas con apariencia realista, accesibles para cualquier usuario con pocos conocimientos. Y hablamos también de contenido con apariencia de menores, denunciado por múltiples organismos, que ha circulado a través de Grok sin impedimentos técnicos significativos. Lo más grave es que, a pesar del escándalo, el producto sigue funcionando. Grok sigue generando.Y ahora lo hace desde una posición todavía más peligrosa: ha pasado de herramienta accesible a privilegio de pago. No se ha corregido su arquitectura, no se ha limitado su capacidad, no se ha auditado su comportamiento.Simplemente, se ha subido el precio de entrada. El sistema que permitió generar imágenes de mujeres desnudas sin su permiso, de celebridades manipuladas o de cuerpos con aspecto infantil, sigue en línea. Y todo lo que lo separa de quien quiera volver a utilizarlo es una tarjeta de crédito. La tecnología puede fallar. Pero cuando el fallo está documentado, cuando los daños son reales, y cuando la empresa responsable decide no solo no intervenir, sino capitalizar el problema,lo que ocurre ya no es un desliz técnico. Es complicidad. Grok no es una herramienta experimental, sino una plataforma funcional, conectada a una base de usuarios enorme, desplegada por una compañía que ha elegido mirar hacia otro lado. El abuso se sigue produciendo. Las víctimas se siguen acumulando. Y la empresa, lejos de protegerlas, ha optado por convertir el silencio en modelo de negocio. Las mejores ofertas de la semana en un nuevo Red Friday Si me dieran una cana por cada contenido que he escrito relacionado con la tecnología... pues sí, tendría las canas que tengo. 

Por lo demás, música, fotogra",David Salces,Muycomputer.com
newsapi,Hablar con tu coche ya no es ciencia ficción: así es el nuevo Volvo EX60 100 % eléctrico,"El Volvo EX60 no es solo un SUV eléctrico: es un coche con el que puedes hablar, que aprende con cada kilómetro y que convierte la tecnología en algo natural y casi invisible. Con inteligencia artificial integrada, autonomía líder y una arquitectura pensada p…",https://muyinteresante.okdiario.com/actualidad/volvo-ex60-el-suv-electrico-con-inteligencia-artificial-y-conversacion-natural.html,https://muyinteresante.okdiario.com/wp-content/uploads/sites/5/2026/01/Untitled-design78-og.jpg,2026-01-17T08:00:00Z,"La relación entre el conductor y su coche está a punto de cambiar de forma profunda. Durante décadas, la tecnología a bordo ha avanzado a base de pantallas más grandes, menús más complejos y asistent… [+4359 chars]","Publicado porJosé Manuel González Torres La relación entre el conductor y su coche está a punto de cambiar de forma profunda. Durante décadas, la tecnología a bordo ha avanzado a base de pantallas más grandes, menús más complejos y asistentes que exigían aprender comandos casi robóticos. El nuevoVolvo EX60plantea justo lo contrario: que el coche te entienda a ti, no al revés. Y lo hace desde una idea tan sencilla como revolucionaria:mantener una conversación naturalcon tu vehículo. El EX60 no es solo un SUV eléctrico más dentro de la nueva generación de modelos de la marca sueca. Es el primer Volvo diseñado desde el inicio para integrarGemini, el asistente de inteligencia artificial deGoogle, y el primero que materializa de forma clara la visión de Volvo sobre el coche definido por software. Un coche que no solo se conduce, sino quepiensa, aprende y mejora con el tiempo, adaptándose a tu forma de usarlo. La ambición es alta: reducir distracciones, aumentar la seguridad y convertir la tecnología en algo discreto, casi invisible, pero siempre presente cuando la necesitas. Desde pedirle al coche que encuentre una reserva en tu correo electrónico hasta comprobar si un objeto cabe en el maletero o planificar una ruta compleja, el EX60 transforma la interacción con el vehículo en algo fluido y humano. Todo esto se apoya en una arquitectura tecnológica completamente nueva. Volvo ha reunido en este modelo su sistema centralHuginCore, plataformas de computación deNVIDIAyQualcomm, y una nueva base eléctrica que permite autonomías líderes y cargas ultrarrápidas. El resultado es un SUV eléctrico que no solo promete cifras, sino una experiencia distinta: más calmada, más intuitiva y más cercana. En un momento en el que muchos coches eléctricos parecen competir solo en potencia o tamaño de pantalla, el Volvo EX60 apuesta por algo más profundo:hacer que la tecnología trabaje para ti, sin que tengas que pensar en ella. El EX60 no se presenta únicamente como un medio de transporte, sino como un asistente inteligente que acompaña al conductor en cada trayecto y decisión. Gracias a la integración de Gemini, el conductor puede comunicarse con el vehículo usando lenguaje natural, sin memorizar comandos ni desviar la atención de la carretera. El control por voz avanzado reduce la necesidad de interactuar con la pantalla central, ayudando a mantener la concentración y mejorar la seguridad activa. Este sistema central desarrollado por Volvo integra hardware, software y arquitectura eléctrica, convirtiendo al EX60 en un auténtico coche definido por software.",mgcirac,Okdiario.com
newsapi,El acuerdo UE-Mercosur: una oportunidad para la agrobioindustria argentina,El tratado es mucho más que una herramienta comercial: representa una palanca para lograr el desarrollo del país,https://www.lanacion.com.ar/economia/campo/el-acuerdo-ue-mercosur-una-oportunidad-para-la-agrobioindustria-argentina-nid17012026/,https://resizer.glanacion.com/resizer/v2/supermercado-en-7DZCMYH7YVHAXOMEIVSCWG5JEY.jpg?auth=2e87858f23e6ea795c38005fbc5aa10cb12f3515b8d730aef234e85ca55ac6c2&width=1200&quality=70&smart=false&height=795,2026-01-17T08:00:00Z,"Después de más de dos décadas de distintas negociaciones con un avance enorme durante el gobierno del presidente Mauricio Macri, el acuerdo de libre comercio entre la UE y el Mercosur parece destinad… [+3776 chars]","Después de más de dos décadas de distintas negociaciones –con un avance enorme durante el gobierno del presidente Mauricio Macri–, el acuerdo de libre comercio entre la UE y el Mercosur parece destinado a firmarse en serio y marcará un hito para la región. Para la Argentina, representa una gran ventana estratégica de crecimiento económico, diversificación de mercados y una consolidación de suagrobioindustriacomo motor de desarrollo.La UE y el Mercosurconforman una de las mayores áreas de libre comercio del mundo, con más de 750 millones de habitantes.La posibilidad real de una reducción progresiva de aranceles y barreras no arancelarias permitirá que muchos productos argentinos –se calcula más de 10.000– puedan ingresar con mayor competitividad al mercado europeo, uno de los más exigentes (a nivel de controles de calidad) y de mayor poder adquisitivo. Todo esto podrá tener un verdadero impacto económico en los próximos cinco años. Por ejemplo: •Exportaciones en alza: se espera un incremento significativo en las ventas externas, especialmente de bienes agroindustriales. •Inversiones extranjeras: el acuerdo (firmado e implementado) otorgará mayor previsibilidad y abrirá las puertas a nuevas inversiones en sectores estratégicos como energía, tecnología y producción de alimentos. •Diversificación de mercados: la Argentina ampliará en forma significativa su presencia en Europa, lo que le permitirá no depender permanentemente de sus socios tradicionales. •Modernización e innovación productiva: la necesidad de cumplir estándares europeos –muy exigentes– en calidad, sustentabilidad y sostenibilidad impulsará mejoras tecnológicas y productivas. Parece todo positivo en principio. Ahora bien, ¿cuáles son y serán las oportunidades inmediatas para la agrobioindustria?Sin dudas, la agrobioindustria argentina será una de las grandes beneficiadas. ¿Por qué? Por cuatro factores que, a mi entender, son centrales: acceso preferencial (para carne vacuna vinos, frutas, aceites y biotecnología agrícola); mayor valor agregado (posibilidad de exportar no solocommoditiessino alimentos procesados y productos innovadores, en definitiva, todo lo que agregue valor desde la producción); generación de empleo directo e indirecto (el crecimiento exportador y la adaptación tecnológica crearán nuevos puestos de trabajo), yla sustentabilidad y la sostenibilidad como gran ventaja competitiva(las cláusulas del acuerdo vinculadas al cuidado del ambiente favorecen a productores y a las formas de producción en la Argentina, producto de años de buen trabajo conjunto entre todos los actores de las cadenas productivas que ya aplican prácticas sustentables. ¿Cuáles son los desafíos a enfrentar por parte de nuestro país?Como todo acuerdo, este también plantea distintos retos: la competencia de productos europeos en el mercado interno y la necesidad de cumplir estrictos estándares regulatorios (no olvidemos que las exigencias sanitarias y de calidad de la UE son las más altas del mundo en la actualidad). Sin embargo, estos desafíos pueden convertirse en catalizadores de modernización y oportunidades de mejora de la competitividad argentina. El acuerdo UE–Mercosur es mucho más que un tratado comercial: es una palanca estratégica para el desarrollo argentino. En los próximos cinco años, la agrobioindustria (que, creo, es foco central de este acuerdo) tendrá la enorme oportunidad de consolidarse como proveedora confiable –en cantidad y calidad de productos– y competitiva en Europa, generando crecimiento económico para el país, empleo de calidad y un salto hacia la modernización productiva.",Leonardo J. Sarquis,La Nacion
newsapi,Así aprendimos ciencia con el juego de la búsqueda del tesoro,"A través de pistas y pruebas, numerosos estudiantes de diferentes partes de España y del mundo han podido aprender sobre ciencia. Los creadores de la iniciativa, Gonzalo Durante, investigador del Centro de Investigaciones Biológicas Margarita Salas de Madrid,…",https://www.educaciontrespuntocero.com/experiencias/divulgaming-actividades-cientificas-para-ninos/,https://www.educaciontrespuntocero.com/wp-content/uploads/2026/01/IMG-20241107-WA0034.jpg,2026-01-17T08:00:00Z,¿Te imaginas llevar a cabo un juego de búsqueda del tesoro en museos y espacios culturales de tu ciudad? ¿Y si con esta actividad los menores de entre 8 y 14 años también aprendieran ciencia? Es la p… [+2761 chars],"¿Te imaginas llevar a cabo un juego de búsqueda del tesoro en museos y espacios culturales de tu ciudad? ¿Y si con esta actividad los menores de entre 8 y 14 años también aprendieranciencia? Es la propuesta deDIVULGAMING, un proyecto que recurre a pruebas de ingenio para transmitir conceptos relacionados con diversas disciplinas científicas de una forma amena, divertida y emocionante. Aunque el escenario del proyecto, puesto en marcha en colaboración con la Fundación Española para la Ciencia y la Tecnología y el Ministerio de Ciencia, han sido museos y espacios culturales, la actividad es adaptable a cualquier otro ambiente como un colegio, un parque o cualquier espacio lúdico o cultural que se preste a ello. En primer lugar, visitamos el museo o lugar donde íbamos a organizar la actividad, para luego diseñar el juego, mandarlo a imprimir y preparar el material adicional que se usa en las pruebas (pegatinas, piezas de lego, tubos de ensayo, mensajes encriptados, globos, etc). Mientras, se crean los grupos de niños. En este sentido, se ofrecieron 2 formatos: realizar la actividad con estudiantes o con familias. En ambos casos, se crearon grupos de entre 10 y 12 menores como máximo, y se iniciaba la actividad con cada grupo, dirigido por uno o dos monitores, siempre con un desfase temporal, de modo que cada grupo comenzase unos 20-30 minutos después que el grupo anterior. En segundo lugar, escondimos todas las pruebas en sus ubicaciones correspondientes, preparamos los materiales y empezó la actividad, explicándoles la dinámica del juego y dándoles el ‘kit del científico’, que consiste en una bolsita donde llevan diversos elementos que deberán usar para resolver algunas de las pruebas. El juego es guiado desde el inicio por un monitor o monitores que acompañan, dando pistas cuando sea necesario y ofreciendo las explicaciones científicas que requieren algunas pruebas para ser resueltas. Por ejemplo, en una prueba tienen que entender cómo funciona el código genético para resolver el enigma y así obtener la solución que los lleve a la siguiente ubicación. Otras pruebas no requieren un conocimiento científico previo, pero sí que estimulen la observación, la lógica o el pensamiento lateral. Los circuitos suelen tener alrededor de 15 pruebas y la duración del juego se sitúa entre los 75 y los 90 minutos. Al final de la actividad, los niños reciben un obsequio, un carnet del científico o del explorador, y se les pide que rellenen un breve test en formato infantil con el fin de poder evaluar de forma aproximada el impacto de la actividad. En el proceso de selección de los colegios que han participado en el proyecto se ha tratado de priorizar aquellos que se encuentren en ambientes socioeconómicamente desfavorecidos y en riesgo de exclusión social, o bien en zonas rurales aisladas, con el fin de hacer llegar la divulgación al público infantil que menos posibilidades tiene de acceder a este tipo de actividades. 8 habilidades que puedes trabajar en el aula con el cubo de Rubik Profesión del alumnado: entrenador de dragones Estudiantes convertidos en ingenieros aeroespaciales para trabajar la competencia matemática",EDUCACIÓN 3.0,Educaciontrespuntocero.com
newsapi,"Inventado en Alemania, mejorado por Japón, y resucitado por China: el motor más polémico de la historia está de vuelta","China ha decidido que la ""tecnología obsoleta"" es, en realidad, su mejor arma para conquistar Europa. Harbin Dongan Auto Engine, una filial del gigante estatal Changan, ha puesto en marcha con éxito el R05E, su primer prototipo funcional de motor rotativo. Es…",https://www.diariomotor.com/noticia/motor-alemania-japon-china-wankel-rotativo/,https://www.diariomotor.com/imagenes/2024/01/motor-rotativo-mazda-mx-30-r-ev-2023-01.jpg?class=XL,2026-01-17T07:38:13Z,"China ha decidido que la «tecnología obsoleta» es, en realidad, su mejor arma para conquistar Europa. Harbin Dongan Auto Engine, una filial del gigante estatal Changan, ha puesto en marcha con éxito … [+4733 chars]","China ha decidido que la «tecnología obsoleta» es, en realidad, su mejor arma para conquistar Europa. Harbin Dongan Auto Engine, una filial del gigante estatal Changan,ha puesto en marcha con éxito el R05E, su primer prototipo funcional de motor rotativo. Es un movimiento maestro en el que en lugar de pelear solo en el terreno del litio, los ingenieros chinos han rescatado el diseño de rotor triangular por su extrema ligereza y su capacidad para generar energía de forma compacta, algo que los motores de pistones tradicionales simplemente no pueden igualar. Fue Japón, y más concretamente Mazda quien hizo brillar el motor inventado por el visionario ingeniero alemán Felix Wankel. El R05E no es una copia del pasado, sino un despliegue de materiales de última generación que busca solucionar los dos grandes pecados del motor Wankel: el consumo de aceite y la fragilidad térmica, y para lograrlo, han recubierto las piezas internas con nanodiamantes (tecnología NDC) y han diseñado una carcasa de aluminio fundida a presión con una «chaqueta de agua» integrada que mantiene la temperatura a raya. El resultado es un bloque que rinde 53 kW con un peso ridículo, logrando una densidad de potencia que deja en evidencia a los motores híbridos actuales.  Este motor no nace para mover las ruedas directamente, sino para actuar como el «corazón» de sistemas híbridos de autonomía extendida. Al ser tan pequeño y no vibrar, se puede esconder en cualquier rincón del chasis, dejando más espacio para los pasajeros o la carga. Sí, China ha entendido que el futuro inmediato de Europa no es 100% eléctrico, sino una transición híbrida donde el que consiga el motor de combustión más eficiente y ligero se llevará el gato al agua.  Aunque el R05E tiene la mirada puesta en la aviación de baja altitud y los drones de gran tamaño, su verdadera amenaza para la industria europea está en el asfalto, porque la compañía ya planea una versión de doble rotor con más de 110 kW (unos 150 CV) destinada específicamente a sistemas de propulsión híbridos. La producción en serie está fijada para 2027, y Changan se está posicionando para inundar el mercado con coches que combinan lo mejor de dos mundos: la suavidad de un eléctrico y la tranquilidad de no depender de un cargador. Deepal, la marca de coches de Changan que ya va a venderse en Europa Esta estrategia encaja perfectamente con el caos regulatorio que vive Bruselas, porque mientras en Europasigue sin quedar claro lo que pasará con los motores térmicos en 2035, hay empresas como BYD y Changan que ya están preparadas para cualquier escenario. Si finalmente se permiten los híbridos de bajas emisiones o los combustibles sintéticos, China tendrá lista una tecnología que las marcas europeas (a excepción de Mazda) abandonaron hace décadas por considerarla demasiado costosa de desarrollar y demasiado contaminante.",Emmanuel Jiménez,Diariomotor.com
newsapi,Exámenes parados en Mérida: la DGT no tiene plan B,"Una cámara rota y toda una ciudad parada. Desde principios de año, los aspirantes a carnet en Mérida han dejado de tener acceso a los exámenes teóricos de la DGT. La causa: un sistema de videovigilancia que no cumple normativa y que, por ahora, no tiene arreg…",https://www.elconfidencialdigital.com/articulo/motor/examenes-parados-merida-dgt-tiene-plan-b/20260117083637998154.html,https://www.elconfidencialdigital.com/media/elconfidencialdigital/images/2025/11/18/2025111812212956273.jpg,2026-01-17T07:36:37Z,"La Delegación de Tráfico de Mérida permanece sin servicio de exámenes teóricos desde el 2 de enero de 2026. El origen del problema es un fallo en el sistema de videovigilancia del aula, obligatorio s… [+2256 chars]","Una cámara rota y toda una ciudad parada.Desde principios de año, los aspirantes a carnet en Mérida han dejado de tener acceso a losexámenes teóricos de la DGT. La causa: unsistema de videovigilanciaqueno cumple normativay que, por ahora,no tiene arreglo ni fechapara volver a funcionar. Las autoescuelas hablan de""caos""y los alumnos debendesplazarse 60 kmhastaBadajozpara examinarse. ¿Qué ha pasado exactamente en elcentro de exámenesde lacapital extremeña? ¿Y por qué laDGT no ofrece alternativas? La Delegación de Tráfico de Méridapermanecesin servicio de exámenes teóricosdesde el2 de enero de 2026. El origen del problema es unfallo en el sistema de videovigilanciadel aula,obligatorio según la normativade laDirección General de Tráficopara garantizar laseguridad y legalidadde las pruebas. La incidencia impideregistrar correctamente las sesiones, lo que contraviene lasexigencias de supervisiónestablecidas tras laOrden PCI/810/2018. Sin esta grabación,el centro no puede operar. Y lo más preocupante:no hay fecha de solución. “Esto es una vergüenza,tenemos alumnos paralizadosdesdediciembre”, denunciaCarmen Morillo, gerente deuna autoescuela local. El malestar es generalizado entre loscentros de formación vial, que critican lanula previsiónpor parte de laDGT provincial. Quienes tenían previstoexaminarse en enerodeberán ahora esperar afebrero... si hayplazas en Badajoz. “La DGT nos dijo que ‘paciencia’, pero esto suponeperder convocatorias”, explicaun alumno afectado. Elcoste ocultoes claro:traslados,horas laborales perdidasymenor rotación de cursos. SegúnEl Periódico de Extremadura*, la DGT admitela averíapero no ofreceplazos ni soluciones provisionales. Tampoco se han facilitadomedios móvilesni convenios conotras sedes. “La reparación depende deuna empresa contratista”, señalan desdefuentes internas. Desde2020, losexámenes teóricosdeben sergrabados en vídeoy conservados poral menos un año. Esto se implementó tras variosescándalos de fraude académicoen el ámbito de laobtención de carnets. La tecnología de grabación debe sercontinua, convisión global del aulay registro deaudio ambiente. Otras jefaturas, como la deGironaoHuesca, han empleadomódulos móviles temporalescuando se han dadoincidencias similares. En Mérida, esa opciónni se planteapor ahora. Mientras tanto,decenas de alumnosseguirán esperando a quela cámara vuelva a funcionar… o a quealguien tome decisiones.",Vitor Bartolomeu Alves,Elconfidencialdigital.com
newsapi,Esta 125 de 18 CV de potencia real es es la Harley-Davidson para el carnet de coche que los americanos no traen a España,"Fue una de las marcas que primero entró en escena en España cuando se proyectó un futuro a medio y largo plazo eléctrico tanto para el sector del automóvil como el de la motocicleta, y bien es cierto que aunque muchas marcas y empresas ya han sucumbido a una …",https://www.diariomotor.com/motos/velca-vortex/,https://www.diariomotor.com/imagenes/2026/01/Velca-Vortex-14-6968f3f77b9a1.jpg?class=XL,2026-01-17T07:30:57Z,"Fue una de las marcas que primero entró en escena en España cuando se proyectó un futuro a medio y largo plazo eléctrico tanto para el sector del automóvil como el de la motocicleta, y bien es cierto… [+6409 chars]","Fue una de las marcas que primero entró en escena en España cuando se proyectó un futuro a medio y largo plazo eléctrico tanto para el sector del automóvil como el de la motocicleta, y bien es cierto que aunque muchas marcas y empresas ya han sucumbido a una transición mucho más lenta de lo esperado, la gallega Velca sigue presente en el mercado con modelos como la Vortex. En este caso en concreto se trata una moto que comparte el papel de buque insignia de la marca junto a la Velca EON, que en lugar de ser una deportiva de estilo retro como la Vortex, es un maxi scooter que pone el foco en lograr la máxima autonomía. Las separa un precio de sólo 200 euros, siendo más cara la EON. Cabe señalar que Velca no fabrica sus motos, sino que lo hacen terceras empresas en su lugar. En este caso el fabricante de la Velca Vortex es la empresa asiática Goldenlion, con sede en el distrito “Hi‑tech” de Changzhou (provincia de Jiangsu, China). Velca indica que la Vortex es el resultado del trabajo de su equipo técnico “mano a mano” con Goldenlion, que actúa como fabricante del modelo.  La principal baza de compra de la Vertex, claramente y más allá de su condición de eléctrica, pasa por su diseño. Tanto es así que parece tratarse de la hermana pequeña de la Harley-Davidson Sporster o de las Fatbob, con un pequeño falso depósito apostada en su parte alta y un faro ancho de proporciones ovaladas que busca, efectivamente, lograr esa imagen, cubriendo esa parcela de mercado compuesta por compradores que buscan la imagen de una Harley en formato eléctrico o, al menos, con un motor de 125 o equivalente a 125. La Velca Vortex, por tanto, atiende al de una custom con frontal naked de estilo retro y tamaño compacto. Se trata de una moto que, a pesar de su estética y apariencia deportiva, no deja de estar pensada para ciudad. A su favot en este sentido jugará una altura del asiento muy baja, lo que facilita al piloto el apoyo en semáforos y giros a baja velocidad  En lo relativo a parte ciclo, la Velca Vortex entra dentro de la convencionalidad con una correcta horquilla delantera invertida y un doble amortiguador para la trasera, confiando en unos neuáticos de 16 y 15 pulgadas de diámetro y 120 y 150 milímetros de ancho, respectivamente.  De nuevo y, aunque no pueda parecerlo, la Vortex es una moto de potencia contenida. De hecho, a pesar de su estética los números que declara la encasillan dentro del segmento de las equivalentes a 125, aunque como viene siendo habitual en muchas motos eléctricas de este segmento, la potencia máxima es superior a la de sus homónimos de combustión interna. En este caso el motor de la Velca Vortex está emplazado dentro del buje de la rueda en lugar de en posición central, que es una solución más económica y teóricamente menos fiable que uno central, que al estar integrado en el chasis se libre de recibir todos los impactos y vibraciones que absorbe la rueda.",Alejandro González,Diariomotor.com
newsapi,El Tratado de Alta Mar entra hoy en vigor con 83 ratificaciones y Corriente de Canarias como posible área protegida,"ONG piden que los gobiernos se impliquen ahora de áreas marinas: ""Hay que proteger áreas oceánicas más grandes que continentes enteros""",https://www.europapress.es/nacional/noticia-tratado-alta-mar-entra-manana-vigor-83-ratificaciones-corriente-canarias-posible-area-protegida-20260117081514.html,https://img.europapress.es/fotoweb/fotonoticia_20260117081514_1200.jpg,2026-01-17T07:15:14Z,"MADRID, 17 Ene. (EUROPA PRESS) -
   El Tratado de los Océanos (también conocido como Tratado de Alta Mar o BBNJ por sus siglas en inglés) entrará este sábado 17 de enero en vigor tras reunir 83 rati… [+6367 chars]","Menú Boletines Abonados ONG piden que los gobiernos se impliquen ahora de áreas marinas: ""Hay que proteger áreas oceánicas más grandes que continentes enteros"" MADRID, 17 Ene. (EUROPA PRESS) - El Tratado de los Océanos (también conocido como Tratado de Alta Mar o BBNJ por sus siglas en inglés) entrará este sábado 17 de enero en vigor tras reunir 83 ratificaciones --23 más que el mínimo requerido-- y 145 firmas. Uno de los resultados más esperados de este acuerdo internacional será la creación de una red mundial de Áreas Marinas Protegidas de Alta Mar, entre las que podría estar la Corriente de las Islas Canarias de la costa de África Occidental en la zona atlántica. Este tratado, sobre el que se comenzó a hablar en 2004, busca preservar y garantizar un uso sostenible de dos tercios de los océanos. Se basa en la Convención de la ONU sobre el Derecho del Mar, pero refuerza el marco legal para la conservación y el uso sostenible de la biodiversidad marina, según la propia ONU. Aporta así un marco para la cooperación entre los países y otros actores que será ""crucial"" para lograr los objetivos de la Agenda 2030 para un desarrollo sostenible y del Marco de Biodiversidad Global Kunming-Montreal. El pacto aspira a ""un reparto justo de los beneficios de las actividades relacionadas con los recursos genéticos marinos (...) en beneficio de toda la Humanidad"". Además prevé la creación de zonas protegidas para preservar hábitats vitales, especies protegidas y fondos marinos o la necesidad de evaluar el impacto de actividades económicas. A su vez, busca crear un marco legal internacional para evaluar el impacto de actividades en alta mar y sus consecuencias para el cambio climático, la acidificación de los océanos y otros impactos. Asimismo, quiere facilitar la cooperación y la transferencia de tecnología marina para ayudar a las Partes, en particular a los países en vías de desarrollo, a que cumplan los objetivos del acuerdo. De forma paralela, recoge también una base para financiar las medidas previstas y un mecanismo para resolver disputas. Una de las organizaciones que más se ha movilizado a favor del tratado ha sido la High Seas Alliance. Su coordinadora regional para Asia, Reza Sakharjahukos, ha explicado durante una rueda de prensa esta semana que varias de las obligaciones recogidas en el tratado entrarán en vigor de inmediato el día 17.",,Europapress.es
newsapi,¿Cómo y cuándo terminará la Tierra? Los científicos trazan el fin de nuestro mundo,"La evolución del Sol pondrá fin a la Tierra tal como la conocemos, dejando un planeta abrasado o incluso consumido por la estrella que lo sustenta",https://www.hola.com/al-dia/20260117878332/los-cientificos-explican-el-fin-del-mundo-sol/,https://www.hola.com/horizon/landscape/d6febbc54d49-adobestock834147050.jpg?im=Resize=(1200),2026-01-17T07:00:00Z,"En aproximadamente 5.000 millones de años, el Sol agotará su combustible nuclear y entrará en una fase de expansión dramática. Los científicos aseguran que este proceso alterará profundamente el sist… [+3516 chars]","En aproximadamente5.000 millones de años, el Sol agotará sucombustible nucleary entrará en una fase de expansión dramática. Los científicos aseguran que este proceso alterará profundamente el sistema solar y sellará el destino de nuestro planeta. Primero como un mundo abrasado e inhabitable, y posiblemente finalmenteconsumido por la propia estrellaque lo nutrió. A simple vista, elSolparece inmutable, una esfera brillante y estable en el cielo. Pero las estrellas tienen unciclo de vida, y el Sol una estrella de tipo enana amarilla quehoy tiene unos 4.500 millones de años, ya ha consumido aproximadamente la mitad de su combustible principal, el hidrógeno. Cuando esehidrógenose agote, el núcleo del Sol cambiará su forma de operar, empezará a fusionar otros elementos y, en respuesta, sus capas externas se expandirán enormemente. Los astrónomos predicen que al alcanzar el máximo de esta transformación, la fase denominadagigante roja, el radio de la estrella será cientos de veces mayor que ahora. Aunque el evento final estámuy lejos en el tiempo,miles de generaciones humanas más adelante, sus efectos comenzarán asentirse con antelación. A medida que el Sol envejezca y su luminosidad aumente, la temperatura en la Tierra empezará a subir irremediablemente. En aproximadamente1.000 millones de años, ese incremento hará que losocéanos se evaporen y la atmósfera comience a erosionarsepor los intensos vientos solares. Este periodo preámbulo marcará el fin de la vida tal como la conocemos mucho antes de que la Tierra sea físicamente engullida por el Sol. Las plantas, los animales y cualquier forma de vida tal y como la entendemos hoyperderán las condiciones necesarias para sobrevivir. El punto culminante de este proceso llegará cuando elSol se expanda hasta su fase de gigante roja. En esa etapa, los astrónomos estiman que su superficie podría alcanzar o inclusosobrepasar la órbita actual de la Tierra. Aunque existe debate sobre si la Tierra será literalmente engullida o si su órbita se desplazará ligeramente hacia afuera, el consenso es que el planeta estará sujeto a un calor inimaginable ycondiciones incompatibles con cualquier forma de vidareconocible. En este escenario, los océanos y la atmósfera se habrán ido hace mucho tiempo, dejando a la Tierra como un mundo desolado y fundido, una roca ardiente a merced de la corona solar expansionada. Después de la fase de gigante roja, elSol no se apagará de inmediato. Eventualmente expulsará sus capas externas formando una celeste nebulosa planetaria, dejando atrás un núcleo extremadamente denso conocido como enana blanca. Este remanente estelar permanecerá brillando débilmente durante miles de millones de años más. Laenana blanca, aproximadamente del tamaño de la Tierra pero con la masa del Sol, representará elúltimo vestigio de nuestra estrellamadre. Con ella, cualquier rastro de habitabilidad desaparece para siempre del entorno solar tal como hoy lo conocemos. Frente a este futuro inevitable, algunos científicos proponen que cualquier civilización avanzada podría migrar mucho más lejos, hacia regiones del sistema solar que se volviesen más hospitalarias durante la fase de gigante roja. Por ejemplo, laslunas de Júpiter o Saturnopodrían entrar en una“zona habitable” temporalconforme el Sol se expanda.",María Castander,Hola
